<songs>
  <song name="Diversa - Beautiful_Loop">
    <title>Diversa - Beautiful</title>
    <rhythm>x.....o........x...o.......x.::.o.......x......o...x.......o.:.:x.....o........x...o.......x.::.o.......x......o...x.......o.:.:x.....o........x...o.......x.::.o.......x......o...x.......o.:.:x.....o........x...o.......x.::.o.......x......o...x.......o....x.....o......x.o...:.........o:.:.......:....o.x.oxo.........:.:x.....o......x.o.............o:.:............o.x................x.....o......x.o...:.........o:.:.......:....o.x.oxo.........:.:x.....o......x.o.............o:.:............o.x................</rhythm>
    <buildup>Diversa - Beautiful_Build</buildup>
    <buildupRhythm>x................................o................................x............:...x...:...x...:...x...:...x...xoxoxoxo.:.oxo...</buildupRhythm>
  </song>
</songs>