<songs>
  <song name="Diversa - Do you_Loop">
    <title>Diversa - Do you</title>
    <rhythm>x.......:.......o.......x.......:.......x.......o.......xoxoxoxox.......:.......o.......x.......:.......x.......o.......+.......x.......:.......o.......x.......:.......x.......o.......xoxoxoxox.......:.......o.......x.......:.......x::::|o|x:::xoxoxoxoxoxox.......:.......o.......x.......:.......x.......o.......xoxoxoxox.......:.......o.......x.......:.......x.......o.......+.......x.......:.......o.......x.......:.......x.......o.......xoxoxoxox.......:.......o.......x.......:.......x.......o.......+.......</rhythm>
    <buildup>Diversa - Do you_build</buildup>
    <buildupRhythm>x...............o...............x...............o................x...............o...............x...............o................x..............o...............x...............o................x...............o...............x...............o..............</buildupRhythm>
  </song>
</songs>