<songs>
  <song name="Diversa - Crow_Loop">
    <title>Diversa - Crow</title>
    <rhythm>o...-...-...-...x...-...-...-...-...-...o...o.x.-...-...-...-...o...-...-...-...x...-...-...-...-...-...o...o.x.-...-...-...-...o...-...-...-...x...-...-...-...-...-...o...o.x.-...-...-...-...o...-...-...-...x...-...-...-...-...-...o...o.x.-...-...-...-...o...-...-...-...x...-...-...-...-...-...o...o.x.-...-...-...-...o...-...-...-...x...-...-...-...-...-...o...o.x.-...-...-...-...o...-...-...-...x...-...-...-...-...-...o...o.x.-...-...-...-...o...-...-...-...x...-...-...-...-...-...o...o.x.-...-...-...-...</rhythm>
    <buildup>Diversa - Crow_Build</buildup>
    <buildupRhythm>.................................................x...............................x.......................................................................................................................................xoxoxox................................</buildupRhythm>
  </song>
</songs>