<songs>
  <song name="Diversa - Crow (VIP)_Loop">
    <title>Diversa - Crow (VIP)</title>
    <rhythm>o...:...x...ooo.....:.o.x...:...o...:...x.o.o.o.....:.o.x...:...o...:...x...ooo.....:.o.x...:...o...:...x..x..o.:...:.o.x...:...o...:...x...ooo.....:.o.x...:...o...:...x.o.o.o.....:.o.x...:...o...:...x...ooo.....:.o.x...:...o...:...x..x..o...o.:.o.x...:...o.x.:...x...ooo.....:.o.x...:...o.x.:...x.o.o.o.....:.o.x...:...o.o.:...x...ooo.....:.o.x...:...o.o.:...x..x..o...o.:.o.x...:...o.x.:...x...ooo.....:.o.x...:...o.x.:...x.o.o.o.....:.o.x...:...o.o.:...x...ooo.....:.o.x...:...o...:...x..x..o...o.:.o.x...+...</rhythm>
    <buildup>undefined</buildup>
    <buildupRhythm>o.x.o.x.o.x.o.x.</buildupRhythm>
  </song>
</songs>