<songs>
  <song name="Kyle Cook - Coastal Ride_Loop">
    <title>Kyle Cook - Coastal Ride</title>
    <rhythm>x.......o.......x.....x.o...x...x.......o.......x.....x.o...o...x.......o.......x.....x.o...x...x.......o.......x.....x.o...o...x.-.|.-.o.-.|.-.x.-.|.x.o.-.x.-.x.-.|.-.o.|.-.|.x.-.|.x.o.-.o.|.x.-.|.-.o.-.|.-.x.-.|.x.o.-.x.-.x.-.|.-.o.|.-.|.x.-.|.x.o.......</rhythm>
    <buildup>Kyle Cook - Coastal Ride_Build</buildup>
    <buildupRhythm>x...............x.x.x.x.o.o.o.o.</buildupRhythm>
  </song>
</songs>