﻿<songs>
  <song name="Diversa - Crow (VIP)_Loop">
    <title>Diversa - Crow (VIP)</title>
    <rhythm>o...:...x...ooo.....:.o.x...:...o...:...x.o.o.o.....:.o.x...:...o...:...x...ooo.....:.o.x...:...o...:...x..x..o.:...:.o.x...:...o...:...x...ooo.....:.o.x...:...o...:...x.o.o.o.....:.o.x...:...o...:...x...ooo.....:.o.x...:...o...:...x..x..o...o.:.o.x...:...o.x.:...x...ooo.....:.o.x...:...o.x.:...x.o.o.o.....:.o.x...:...o.o.:...x...ooo.....:.o.x...:...o.o.:...x..x..o...o.:.o.x...:...o.x.:...x...ooo.....:.o.x...:...o.x.:...x.o.o.o.....:.o.x...:...o.o.:...x...ooo.....:.o.x...:...o...:...x..x..o...o.:.o.x...+...</rhythm>
    <buildup>Diversa - Crow (VIP)_Build</buildup>
    <buildupRhythm>o.x.o.x.o.x.o.x.</buildupRhythm></song><song name="Diversa - Do you_Loop">
    <title>Diversa - Do you</title>
    <rhythm>x.......:.......o.......x.......:.......x.......o.......xoxoxoxox.......:.......o.......x.......:.......x.......o.......+.......x.......:.......o.......x.......:.......x.......o.......xoxoxoxox.......:.......o.......x.......:.......x::::|o|x:::xoxoxoxoxoxox.......:.......o.......x.......:.......x.......o.......xoxoxoxox.......:.......o.......x.......:.......x.......o.......+.......x.......:.......o.......x.......:.......x.......o.......xoxoxoxox.......:.......o.......x.......:.......x.......o.......+.......</rhythm>
    <buildup>Diversa - Do you_build</buildup>
    <buildupRhythm>x...............o...............x...............o................x...............o...............x...............o................x..............o...............x...............o................x...............o...............x...............o..............</buildupRhythm>
  </song><song name="Diversa - Beautiful_Loop">
    <title>Diversa - Beautiful</title>
    <rhythm>x.....o........x...o.......x.::.o.......x......o...x.......o.:.:x.....o........x...o.......x.::.o.......x......o...x.......o.:.:x.....o........x...o.......x.::.o.......x......o...x.......o.:.:x.....o........x...o.......x.::.o.......x......o...x.......o....x.....o......x.o...:.........o:.:.......:....o.x.oxo.........:.:x.....o......x.o.............o:.:............o.x................x.....o......x.o...:.........o:.:.......:....o.x.oxo.........:.:x.....o......x.o.............o:.:............o.x................</rhythm>
    <buildup>Diversa - Beautiful_Build</buildup>
    <buildupRhythm>x................................o................................x............:...x...:...x...:...x...:...x...xoxoxoxo.:.oxo...</buildupRhythm>
  </song>
<song name="Diversa - Crow_Loop">
    <title>Diversa - Crow</title>
    <rhythm>o...-...-...-...x...-...-...-...-...-...o...o.x.-...-...-...-...o...-...-...-...x...-...-...-...-...-...o...o.x.-...-...-...-...o...-...-...-...x...-...-...-...-...-...o...o.x.-...-...-...-...o...-...-...-...x...-...-...-...-...-...o...o.x.-...-...-...-...o...-...-...-...x...-...-...-...-...-...o...o.x.-...-...-...-...o...-...-...-...x...-...-...-...-...-...o...o.x.-...-...-...-...o...-...-...-...x...-...-...-...-...-...o...o.x.-...-...-...-...o...-...-...-...x...-...-...-...-...-...o...o.x.-...-...-...-...</rhythm>
    <buildup>Diversa - Crow_Build</buildup>
    <buildupRhythm>.................................................x...............................x.......................................................................................................................................xoxoxox................................</buildupRhythm>
  </song><song name="Kyle Cook - Coastal Ride_Loop">
    <title>Kyle Cook - Coastal Ride</title>
    <rhythm>x.......o.......x.....x.o...x...x.......o.......x.....x.o...o...x.......o.......x.....x.o...x...x.......o.......x.....x.o...o...x.-.|.-.o.-.|.-.x.-.|.x.o.-.x.-.x.-.|.-.o.|.-.|.x.-.|.x.o.-.o.|.x.-.|.-.o.-.|.-.x.-.|.x.o.-.x.-.x.-.|.-.o.|.-.|.x.-.|.x.o.......</rhythm>
    <buildup>Kyle Cook - Coastal Ride_Build</buildup>
    <buildupRhythm>x...............x.x.x.x.o.o.o.o.</buildupRhythm>
  </song></songs>